MAE,RMSE,R2,%Tol,Station,Model,Horizon
19.312367155199894,31.737721065714393,0.9817901924967546,21.31292969616323,S-E EL CALVARIO_con_lags,A_EvoXGB,mediano
19.069436808443612,31.43832383771463,0.9821321357866306,21.695497893102683,S-E EL CALVARIO_con_lags,B_XGB,mediano
,,,,S-E EL CALVARIO_con_lags,C_TabNet,mediano
52.210918667878225,103.95225046601215,0.8046462876314444,11.75426923929918,S-E EL CALVARIO_con_lags,D_FTT,mediano
23.295267563259063,37.054135643194016,0.964516569747234,17.30945821854913,S-E LA COCHA_con_lags,A_EvoXGB,mediano
23.11124729878527,36.8845826803809,0.964840558194572,17.481634527089074,S-E LA COCHA_con_lags,B_XGB,mediano
,,,,S-E LA COCHA_con_lags,C_TabNet,mediano
36.71635929094441,67.75026290975472,0.8813755551398124,12.649219467401284,S-E LA COCHA_con_lags,D_FTT,mediano
39.35312942231824,66.45443126235624,0.9791334604361398,12.698412698412698,S-E LA MANÁ_con_lags,A_EvoXGB,mediano
38.84960361963812,65.60279810043764,0.9796648552205252,12.776052449965494,S-E LA MANÁ_con_lags,B_XGB,mediano
,,,,S-E LA MANÁ_con_lags,C_TabNet,mediano
62.12908520086436,143.01016960162474,0.9033645695628794,12.491373360938578,S-E LA MANÁ_con_lags,D_FTT,mediano
,,,,S-E LASSO_con_lags,C_TabNet,mediano
,,,,S-E EL CALVARIO_con_lags,C_TabNet,mediano,final
,,,,S-E LA COCHA_con_lags,C_TabNet,mediano,final
,,,,S-E EL CALVARIO_con_lags,C_TabNet,mediano,final
,,,,S-E EL CALVARIO_con_lags,C_TabNet,mediano,final
,,,,S-E LA COCHA_con_lags,C_TabNet,mediano,final
,,,,S-E LA MANÁ_con_lags,C_TabNet,mediano,final
,,,,S-E EL CALVARIO_con_lags,C_TabNet,mediano,final
,,,,S-E LA COCHA_con_lags,C_TabNet,mediano,final
,,,,S-E LA MANÁ_con_lags,C_TabNet,mediano,final
,,,,S-E LASSO_con_lags,C_TabNet,mediano,final
,,,,S-E MULALÓ_con_lags,C_TabNet,mediano,final
,,,,S-E PUJILÍ_con_lags,C_TabNet,mediano,final
,,,,S-E SALCEDO_con_lags,C_TabNet,mediano,final
,,,,S-E SAN RAFAEL_con_lags,C_TabNet,mediano,final
,,,,sigchos,C_TabNet,mediano,final
S-E EL CALVARIO_con_lags,C_TabNet,mediano,final
S-E LA COCHA_con_lags,C_TabNet,mediano,final
S-E LA MANÁ_con_lags,C_TabNet,mediano,final
S-E LASSO_con_lags,C_TabNet,mediano,final
S-E MULALÓ_con_lags,C_TabNet,mediano,final
S-E PUJILÍ_con_lags,C_TabNet,mediano,final
S-E SALCEDO_con_lags,C_TabNet,mediano,final
S-E SAN RAFAEL_con_lags,C_TabNet,mediano,final
sigchos,C_TabNet,mediano,final
