MAE,RMSE,R2,%Tol,Station,Model,Horizon
19.200674291114435,31.975212509810138,0.9815404708758326,21.52455209024552,S-E EL CALVARIO_con_lags,A_EvoXGB,corto
19.02688477484265,31.729238257179578,0.9818233840458841,21.413957089139572,S-E EL CALVARIO_con_lags,B_XGB,corto
,,,,S-E EL CALVARIO_con_lags,C_TabNet,corto
55.6819561978394,110.89815678146425,0.7779542856740428,11.706480867064808,S-E EL CALVARIO_con_lags,D_FTT,corto
23.045865663807017,36.44462155759611,0.9656703951850919,17.2766323024055,S-E LA COCHA_con_lags,A_EvoXGB,corto
22.86921172420664,36.30138456673009,0.9659397137291112,17.173539518900345,S-E LA COCHA_con_lags,B_XGB,corto
,,,,S-E LA COCHA_con_lags,C_TabNet,corto
36.2696202385097,70.6242639275621,0.8786110480357163,11.86562860438293,S-E LA COCHA_con_lags,D_FTT,corto
38.76255423897812,64.82849021280262,0.9801428193662811,13.177226813590451,S-E LA MANÁ_con_lags,A_EvoXGB,corto
38.33726877197402,64.00456709800393,0.9806443526635847,12.987832874196512,S-E LA MANÁ_con_lags,B_XGB,corto
,,,,S-E LA MANÁ_con_lags,C_TabNet,corto
56.79793927398904,131.30825757860407,0.9185352276270377,12.709481175390266,S-E LA MANÁ_con_lags,D_FTT,corto
52.20416095799861,80.45634691212051,0.9632471510244676,7.6341127922971115,S-E LASSO_con_lags,A_EvoXGB,corto
51.208001358681955,78.7838373454521,0.9647592898783306,7.797455295735902,S-E LASSO_con_lags,B_XGB,corto
,,,,S-E LASSO_con_lags,C_TabNet,corto
,,,,S-E LASSO_con_lags,C_TabNet,corto
,,,,S-E EL CALVARIO_con_lags,C_TabNet,corto
,,,,S-E EL CALVARIO_con_lags,C_TabNet,corto,final
,,,,S-E LA COCHA_con_lags,C_TabNet,corto,final
,,,,S-E LA MANÁ_con_lags,C_TabNet,corto,final
,,,,S-E EL CALVARIO_con_lags,C_TabNet,corto,final
,,,,S-E EL CALVARIO_con_lags,C_TabNet,corto,final
,,,,S-E LA COCHA_con_lags,C_TabNet,corto,final
,,,,S-E LA MANÁ_con_lags,C_TabNet,corto,final
,,,,S-E EL CALVARIO_con_lags,C_TabNet,corto,final
,,,,S-E LA COCHA_con_lags,C_TabNet,corto,final
,,,,S-E LA MANÁ_con_lags,C_TabNet,corto,final
,,,,S-E LASSO_con_lags,C_TabNet,corto,final
,,,,S-E MULALÓ_con_lags,C_TabNet,corto,final
,,,,S-E PUJILÍ_con_lags,C_TabNet,corto,final
,,,,S-E SALCEDO_con_lags,C_TabNet,corto,final
,,,,S-E SAN RAFAEL_con_lags,C_TabNet,corto,final
,,,,sigchos,C_TabNet,corto,final
S-E EL CALVARIO_con_lags,C_TabNet,corto,final
S-E LA COCHA_con_lags,C_TabNet,corto,final
S-E LA MANÁ_con_lags,C_TabNet,corto,final
S-E LASSO_con_lags,C_TabNet,corto,final
S-E MULALÓ_con_lags,C_TabNet,corto,final
S-E PUJILÍ_con_lags,C_TabNet,corto,final
S-E SALCEDO_con_lags,C_TabNet,corto,final
S-E SAN RAFAEL_con_lags,C_TabNet,corto,final
sigchos,C_TabNet,corto,final
